n,͐얼,͐ԍ,nǖ,,Ǌo,E,W,ܓx,ox,ʔN,ݒu,P
Ύ쐅n,{s,8101030202,kCJ,ΎJݕ,,,-1.200,43.3263348800,141.6885288000,20030228,,
Ύ쐅n,{s,8101030202,kCJ,ΎJݕ,,E,-1.200,43.3249469800,141.6853758000,20030228,,
Ύ쐅n,{s,8101030202,kCJ,ΎJݕ,,,-1.000,43.3276681100,141.6864524000,20030228,,
Ύ쐅n,{s,8101030202,kCJ,ΎJݕ,,E,-1.000,43.3262614400,141.6838779000,20030228,,
Ύ쐅n,{s,8101030202,kCJ,ΎJݕ,,,-0.800,43.3289908100,141.6847817000,20030228,,
Ύ쐅n,{s,8101030202,kCJ,ΎJݕ,,E,-0.800,43.3274134600,141.6821876000,20030228,,
Ύ쐅n,{s,8101030202,kCJ,ΎJݕ,,,-0.600,43.3304735700,141.6834413000,20030228,,
Ύ쐅n,{s,8101030202,kCJ,ΎJݕ,,E,-0.600,43.3286619700,141.6804422000,20030228,,
Ύ쐅n,{s,8101030202,kCJ,ΎJݕ,,,-0.400,43.3319439600,141.6819135000,20030228,,
Ύ쐅n,{s,8101030202,kCJ,ΎJݕ,,E,-0.400,43.3299871700,141.6787168000,20030228,,
Ύ쐅n,{s,8101030202,kCJ,ΎJݕ,,,-0.200,43.3331451300,141.6800696000,20030228,,
Ύ쐅n,{s,8101030202,kCJ,ΎJݕ,,E,-0.200,43.3312870900,141.6770388000,20030228,,
Ύ쐅n,{s,8101030202,kCJ,ΎJݕ,,,0.000,43.3346387900,141.6786828000,20030228,,
Ύ쐅n,{s,8101030202,kCJ,ΎJݕ,,E,0.000,43.3326125100,141.6753727000,20030228,,
Ύ쐅n,{s,8101030202,kCJ,ΎJݕ,,,0.200,43.3367954900,141.6773684000,20030228,,
Ύ쐅n,{s,8101030202,kCJ,ΎJݕ,,E,0.200,43.3341484800,141.6745757000,20030228,,
Ύ쐅n,{s,8101030202,kCJ,ΎJݕ,,,0.400,43.3359302800,141.6732009000,20050210,,
Ύ쐅n,{s,8101030202,kCJ,ΎJݕ,,E,0.400,43.3347791100,141.6731790000,20030228,,
Ύ쐅n,{s,8101030202,kCJ,ΎJݕ,,,0.600,43.3359048300,141.6707187000,20050210,,
Ύ쐅n,{s,8101030202,kCJ,ΎJݕ,,E,0.600,43.3352079600,141.6707220000,20030228,,
Ύ쐅n,{s,8101030202,kCJ,ΎJݕ,,,0.800,43.3358924900,141.6682618000,20050210,,
Ύ쐅n,{s,8101030202,kCJ,ΎJݕ,,E,0.800,43.3351976500,141.6682608000,20030228,,
Ύ쐅n,{s,8101030202,kCJ,ΎJݕ,,,1.000,43.3354882300,141.6654491000,20050210,,
Ύ쐅n,{s,8101030202,kCJ,ΎJݕ,,E,1.000,43.3347642300,141.6664616000,20030228,,
Ύ쐅n,{s,8101030202,kCJ,ΎJݕ,,,1.200,43.3339079800,141.6637094000,20030228,,
Ύ쐅n,{s,8101030202,kCJ,ΎJݕ,,E,1.200,43.3334134300,141.6652477000,20050210,,
Ύ쐅n,{s,8101030202,kCJ,ΎJݕ,,,1.400,43.3337380800,141.6634589000,20030228,,
Ύ쐅n,{s,8101030202,kCJ,ΎJݕ,,E,1.400,43.3327120800,141.6626904000,20030228,,
Ύ쐅n,{s,8101030202,kCJ,ΎJݕ,,,1.550,43.3340463100,141.6612732000,20030228,,
Ύ쐅n,{s,8101030202,kCJ,ΎJݕ,,E,1.550,43.3333991000,141.6612650000,20030228,,
