n,͐얼,͐ԍ,nǖ,,Ǌo,E,W,ܓx,ox,ʔN,ݒu,P
a쐅n,],8606030075,ߋEn,a͐쎖,o,,0.000,34.5911160600,135.7496881000,20030124,,
a쐅n,],8606030075,ߋEn,a͐쎖,o,E,0.000,34.5912819500,135.7512416000,20030124,,
a쐅n,],8606030075,ߋEn,a͐쎖,o,,0.200,34.5894968500,135.7502970000,20030124,,
a쐅n,],8606030075,ߋEn,a͐쎖,o,E,0.200,34.5896459200,135.7510208000,20030125,,
a쐅n,],8606030075,ߋEn,a͐쎖,o,,0.400,34.5877026900,135.7507324000,20021121,,
a쐅n,],8606030075,ߋEn,a͐쎖,o,E,0.400,34.5878799900,135.7514551000,20030125,,
a쐅n,],8606030075,ߋEn,a͐쎖,o,,0.600,34.5859682500,135.7509860000,20030127,,
a쐅n,],8606030075,ߋEn,a͐쎖,o,E,0.600,34.5859466900,135.7517210000,20030127,,
a쐅n,],8606030075,ߋEn,a͐쎖,o,,0.800,34.5843519800,135.7506902000,20030127,,
a쐅n,],8606030075,ߋEn,a͐쎖,o,E,0.800,34.5842006200,135.7514495000,20030127,,
a쐅n,],8606030075,ߋEn,a͐쎖,o,,1.000,34.5827555800,135.7502573000,20021121,,
a쐅n,],8606030075,ߋEn,a͐쎖,o,E,1.000,34.5826143000,135.7509556000,20030127,,
a쐅n,],8606030075,ߋEn,a͐쎖,o,,1.200,34.5807735200,135.7504823000,20030129,,
a쐅n,],8606030075,ߋEn,a͐쎖,o,E,1.200,34.5809558900,135.7510745000,20030129,,
a쐅n,],8606030075,ߋEn,a͐쎖,o,,1.400,34.5791679500,135.7514537000,20030129,,
a쐅n,],8606030075,ߋEn,a͐쎖,o,E,1.400,34.5794251500,135.7519779000,20030129,,
a쐅n,],8606030075,ߋEn,a͐쎖,o,,1.600,34.5777457600,135.7527511000,20021121,,
a쐅n,],8606030075,ߋEn,a͐쎖,o,E,1.600,34.5781287100,135.7532261000,20030129,,
a쐅n,],8606030075,ߋEn,a͐쎖,o,,1.800,34.5763471700,135.7543683000,20030129,,
a쐅n,],8606030075,ߋEn,a͐쎖,o,E,1.800,34.5769107700,135.7549406000,20030129,,
a쐅n,],8606030075,ߋEn,a͐쎖,o,,2.000,34.5756114900,135.7565394000,20021121,,
a쐅n,],8606030075,ߋEn,a͐쎖,o,E,2.000,34.5759161600,135.7567795000,20030129,,
