n,͐얼,͐ԍ,nǖ,,Ǌo,E,W,ܓx,ox,ʔN,ݒu,P
}쐅n,ǐ,8909060142,Bn,}͐쎖,vďo,,0.000,33.3228692300,130.5324376000,20010399,,
}쐅n,ǐ,8909060142,Bn,}͐쎖,vďo,E,0.000,33.3233329700,130.5326036000,20010399,,
}쐅n,ǐ,8909060142,Bn,}͐쎖,vďo,,0.200,33.3225322900,130.5344856000,20010399,,
}쐅n,ǐ,8909060142,Bn,}͐쎖,vďo,E,0.200,33.3231558100,130.5348223000,20010399,,
}쐅n,ǐ,8909060142,Bn,}͐쎖,vďo,,0.400,33.3216295400,130.5352166000,20010399,,
}쐅n,ǐ,8909060142,Bn,}͐쎖,vďo,E,0.400,33.3218797800,130.5360189000,20010399,,
}쐅n,ǐ,8909060142,Bn,}͐쎖,vďo,,0.600,33.3198528200,130.5362515000,20010399,,
}쐅n,ǐ,8909060142,Bn,}͐쎖,vďo,E,0.600,33.3199331000,130.5366233000,20010399,,
}쐅n,ǐ,8909060142,Bn,}͐쎖,vďo,,0.800,33.3182015300,130.5367359000,20010399,,
}쐅n,ǐ,8909060142,Bn,}͐쎖,vďo,E,0.800,33.3182794200,130.5373587000,20010399,,
}쐅n,ǐ,8909060142,Bn,}͐쎖,vďo,,1.000,33.3167343900,130.5363297000,20010399,,
}쐅n,ǐ,8909060142,Bn,}͐쎖,vďo,E,1.000,33.3165796200,130.5366568000,20010399,,
}쐅n,ǐ,8909060142,Bn,}͐쎖,vďo,,1.200,33.3150114000,130.5358644000,20010399,,
}쐅n,ǐ,8909060142,Bn,}͐쎖,vďo,E,1.200,33.3150099600,130.5361072000,20010399,,
}쐅n,ǐ,8909060142,Bn,}͐쎖,vďo,,1.400,33.3134126300,130.5354895000,20010399,,
}쐅n,ǐ,8909060142,Bn,}͐쎖,vďo,E,1.400,33.3133117600,130.5357148000,20010399,,
}쐅n,ǐ,8909060142,Bn,}͐쎖,vďo,,1.600,33.3115642900,130.5356016000,20010399,,
}쐅n,ǐ,8909060142,Bn,}͐쎖,vďo,E,1.600,33.3117678600,130.5357607000,20010399,,
}쐅n,ǐ,8909060142,Bn,}͐쎖,vďo,,1.800,33.3100720400,130.5361984000,20010399,,
}쐅n,ǐ,8909060142,Bn,}͐쎖,vďo,E,1.800,33.3101046700,130.5364371000,20010399,,
