n,͐얼,͐ԍ,nǖ,,Ǌo,E,W,ܓx,ox,ʔN,ݒu,P
er쐅n,ɍؐ,8909080002,Bn,er͐쎖,,,0.000,32.9211847000,130.5549192000,,,
er쐅n,ɍؐ,8909080002,Bn,er͐쎖,,E,0.000,32.9208340200,130.5551375000,,,
er쐅n,ɍؐ,8909080002,Bn,er͐쎖,,,0.200,32.9214001900,130.5563933000,,,
er쐅n,ɍؐ,8909080002,Bn,er͐쎖,,E,0.200,32.9218695200,130.5562264000,,,
er쐅n,ɍؐ,8909080002,Bn,er͐쎖,,,0.400,32.9228711500,130.5579115000,,,
er쐅n,ɍؐ,8909080002,Bn,er͐쎖,,E,0.400,32.9229993300,130.5574519000,,,
er쐅n,ɍؐ,8909080002,Bn,er͐쎖,,,0.600,32.9243632100,130.5594324000,,,
er쐅n,ɍؐ,8909080002,Bn,er͐쎖,,E,0.600,32.9248082100,130.5584104000,,,
er쐅n,ɍؐ,8909080002,Bn,er͐쎖,,,0.800,32.9264445300,130.5604877000,,,
er쐅n,ɍؐ,8909080002,Bn,er͐쎖,,E,0.800,32.9263941200,130.5607930000,,,
er쐅n,ɍؐ,8909080002,Bn,er͐쎖,,,1.000,32.9283899800,130.5601226000,,,
er쐅n,ɍؐ,8909080002,Bn,er͐쎖,,E,1.000,32.9284692900,130.5603900000,,,
er쐅n,ɍؐ,8909080002,Bn,er͐쎖,,,1.200,32.9304152500,130.5595341000,,,
er쐅n,ɍؐ,8909080002,Bn,er͐쎖,,E,1.200,32.9304184000,130.5597941000,,,
er쐅n,ɍؐ,8909080002,Bn,er͐쎖,,,1.400,32.9322851500,130.5595635000,,,
er쐅n,ɍؐ,8909080002,Bn,er͐쎖,,E,1.400,32.9322499700,130.5599363000,,,
er쐅n,ɍؐ,8909080002,Bn,er͐쎖,,,1.600,32.9340670400,130.5596378000,,,
er쐅n,ɍؐ,8909080002,Bn,er͐쎖,,E,1.600,32.9340602900,130.5601203000,,,
er쐅n,ɍؐ,8909080002,Bn,er͐쎖,,,1.800,32.9357297700,130.5601453000,,,
er쐅n,ɍؐ,8909080002,Bn,er͐쎖,,E,1.800,32.9355964500,130.5605353000,,,
er쐅n,ɍؐ,8909080002,Bn,er͐쎖,,,2.000,32.9373052300,130.5610794000,,,
er쐅n,ɍؐ,8909080002,Bn,er͐쎖,,E,2.000,32.9371860400,130.5622428000,,,
er쐅n,ɍؐ,8909080002,Bn,er͐쎖,,,2.200,32.9388603800,130.5616875000,,,
er쐅n,ɍؐ,8909080002,Bn,er͐쎖,,E,2.200,32.9389168400,130.5612519000,,,
er쐅n,ɍؐ,8909080002,Bn,er͐쎖,,,2.400,32.9405987600,130.5621917000,,,
er쐅n,ɍؐ,8909080002,Bn,er͐쎖,,E,2.400,32.9406868600,130.5618247000,,,
er쐅n,ɍؐ,8909080002,Bn,er͐쎖,,,2.600,32.9423007900,130.5633606000,,,
er쐅n,ɍؐ,8909080002,Bn,er͐쎖,,E,2.600,32.9425627200,130.5629697000,,,
er쐅n,ɍؐ,8909080002,Bn,er͐쎖,,,2.800,32.9441895900,130.5640589000,,,
er쐅n,ɍؐ,8909080002,Bn,er͐쎖,,E,2.800,32.9441980400,130.5637065000,,,
er쐅n,ɍؐ,8909080002,Bn,er͐쎖,,,3.000,32.9462047200,130.5649713000,,,
er쐅n,ɍؐ,8909080002,Bn,er͐쎖,,E,3.000,32.9461215900,130.5646796000,,,
