n,͐얼,͐ԍ,nǖ,,Ǌo,E,W,ܓx,ox,ʔN,ݒu,P
̑쐅n,J,8909130050,Bn,G͐썑,,,0.000,31.3747388200,130.8583744000,,,
̑쐅n,J,8909130050,Bn,G͐썑,,,0.000,31.3744559600,130.8584081000,,,
̑쐅n,J,8909130050,Bn,G͐썑,,,0.200,31.3745373400,130.8564393000,,,
̑쐅n,J,8909130050,Bn,G͐썑,,,0.200,31.3743801400,130.8564677000,,,
̑쐅n,J,8909130050,Bn,G͐썑,,,0.400,31.3746539200,130.8545625000,,,
̑쐅n,J,8909130050,Bn,G͐썑,,,0.400,31.3744413500,130.8545130000,,,
̑쐅n,J,8909130050,Bn,G͐썑,,,0.600,31.3748874100,130.8525230000,,,
̑쐅n,J,8909130050,Bn,G͐썑,,,0.600,31.3747169300,130.8525142000,,,
̑쐅n,J,8909130050,Bn,G͐썑,,,0.800,31.3752606800,130.8505882000,,,
̑쐅n,J,8909130050,Bn,G͐썑,,,0.800,31.3750865500,130.8503641000,,,
̑쐅n,J,8909130050,Bn,G͐썑,,,1.000,31.3769600600,130.8503777000,,,
̑쐅n,J,8909130050,Bn,G͐썑,,,1.000,31.3769334900,130.8502237000,,,
̑쐅n,J,8909130050,Bn,G͐썑,,,1.200,31.3781950500,130.8491264000,,,
̑쐅n,J,8909130050,Bn,G͐썑,,,1.200,31.3781167200,130.8490322000,,,
