n,͐얼,͐ԍ,nǖ,,Ǌo,E,W,ܓx,ox,ʔN,ݒu,P
er쐅n,c,8909080227,Bn,er͐쎖,,,0.000,32.9761810200,130.7457275000,,,
er쐅n,c,8909080227,Bn,er͐쎖,,E,0.000,32.9771384400,130.7448148000,,,
er쐅n,c,8909080227,Bn,er͐쎖,,,0.200,32.9774916800,130.7472456000,,,
er쐅n,c,8909080227,Bn,er͐쎖,,E,0.200,32.9781646300,130.7466263000,,,
er쐅n,c,8909080227,Bn,er͐쎖,,,0.400,32.9787370600,130.7489438000,,,
er쐅n,c,8909080227,Bn,er͐쎖,,E,0.400,32.9794640300,130.7481768000,,,
er쐅n,c,8909080227,Bn,er͐쎖,,,0.600,32.9798238500,130.7505405000,,,
er쐅n,c,8909080227,Bn,er͐쎖,,E,0.600,32.9805824900,130.7497680000,,,
er쐅n,c,8909080227,Bn,er͐쎖,,,0.800,32.9810068500,130.7520710000,,,
er쐅n,c,8909080227,Bn,er͐쎖,,E,0.800,32.9817003700,130.7512576000,,,
er쐅n,c,8909080227,Bn,er͐쎖,,,1.000,32.9824479600,130.7535756000,,,
er쐅n,c,8909080227,Bn,er͐쎖,,E,1.000,32.9829771900,130.7525214000,,,
er쐅n,c,8909080227,Bn,er͐쎖,,,1.200,32.9837473600,130.7548392000,,,
er쐅n,c,8909080227,Bn,er͐쎖,,E,1.200,32.9844404500,130.7537980000,,,
er쐅n,c,8909080227,Bn,er͐쎖,,,1.400,32.9852783100,130.7560386000,,,
er쐅n,c,8909080227,Bn,er͐쎖,,E,1.400,32.9855940200,130.7555415000,,,
er쐅n,c,8909080227,Bn,er͐쎖,,,1.600,32.9865414700,130.7575874000,,,
er쐅n,c,8909080227,Bn,er͐쎖,,E,1.600,32.9869670000,130.7569927000,,,
er쐅n,c,8909080227,Bn,er͐쎖,,,1.800,32.9879568000,130.7589313000,,,
er쐅n,c,8909080227,Bn,er͐쎖,,E,1.800,32.9883852400,130.7583769000,,,
er쐅n,c,8909080227,Bn,er͐쎖,,,2.000,32.9897501200,130.7599356000,,,
er쐅n,c,8909080227,Bn,er͐쎖,,E,2.000,32.9898673700,130.7591910000,,,
er쐅n,c,8909080227,Bn,er͐쎖,,,2.200,32.9915873900,130.7602727000,,,
er쐅n,c,8909080227,Bn,er͐쎖,,E,2.200,32.9916335300,130.7592633000,,,
