n,͐얼,͐ԍ,nǖ,,Ǌo,E,W,ܓx,ox,ʔN,ݒu,P
Zp쐅n,Y,8909040120,Bn,Y͐쎖,o,,0.000,33.2083742700,130.0529297000,20080331,,
Zp쐅n,Y,8909040120,Bn,Y͐쎖,o,E,0.000,33.2076130700,130.0531790000,20080331,,
Zp쐅n,Y,8909040120,Bn,Y͐쎖,o,,0.200,33.2077978100,130.0508571000,20080331,,
Zp쐅n,Y,8909040120,Bn,Y͐쎖,o,E,0.200,33.2071154500,130.0512207000,20080331,,
Zp쐅n,Y,8909040120,Bn,Y͐쎖,o,,0.400,33.2071472300,130.0489431000,20080331,,
Zp쐅n,Y,8909040120,Bn,Y͐쎖,o,E,0.400,33.2065438100,130.0490229000,20080331,,
Zp쐅n,Y,8909040120,Bn,Y͐쎖,o,,0.600,33.2079106000,130.0474473000,20080331,,
Zp쐅n,Y,8909040120,Bn,Y͐쎖,o,E,0.600,33.2072892300,130.0469057000,20080331,,
Zp쐅n,Y,8909040120,Bn,Y͐쎖,o,,0.800,33.2077910200,130.0445851000,20080331,,
Zp쐅n,Y,8909040120,Bn,Y͐쎖,o,E,0.800,33.2072530700,130.0448819000,20080331,,
Zp쐅n,Y,8909040120,Bn,Y͐쎖,o,,1.000,33.2061594700,130.0437736000,20080331,,
Zp쐅n,Y,8909040120,Bn,Y͐쎖,o,E,1.000,33.2061721500,130.0445293000,20080331,,
Zp쐅n,Y,8909040120,Bn,Y͐쎖,o,,1.200,33.2043530100,130.0438297000,20080331,,
Zp쐅n,Y,8909040120,Bn,Y͐쎖,o,E,1.200,33.2044124000,130.0446883000,20080331,,
Zp쐅n,Y,8909040120,Bn,Y͐쎖,o,,1.400,33.2029576200,130.0433374000,20080331,,
Zp쐅n,Y,8909040120,Bn,Y͐쎖,o,E,1.400,33.2026522800,130.0436723000,20080331,,
Zp쐅n,Y,8909040120,Bn,Y͐쎖,o,,1.600,33.2017084400,130.0418054000,20080331,,
Zp쐅n,Y,8909040120,Bn,Y͐쎖,o,E,1.600,33.2014064200,130.0421627000,20080331,,
