n,͐얼,͐ԍ,nǖ,,Ǌo,E,W,ܓx,ox,ʔN,ݒu,P
er쐅n,ؗt,8909080008,Bn,er͐쎖,,,-0.287,32.9292276600,130.5701199000,,,
er쐅n,ؗt,8909080008,Bn,er͐쎖,,E,-0.287,32.9296161300,130.5698629000,,,
er쐅n,ؗt,8909080008,Bn,er͐쎖,,,-0.200,32.9296068000,130.5709138000,,,
er쐅n,ؗt,8909080008,Bn,er͐쎖,,E,-0.200,32.9299990100,130.5706766000,,,
er쐅n,ؗt,8909080008,Bn,er͐쎖,,,0.000,32.9295777800,130.5724530000,,,
er쐅n,ؗt,8909080008,Bn,er͐쎖,,E,0.000,32.9299742100,130.5728099000,,,
er쐅n,ؗt,8909080008,Bn,er͐쎖,,,0.200,32.9294224000,130.5748205000,,,
er쐅n,ؗt,8909080008,Bn,er͐쎖,,E,0.200,32.9297979200,130.5747046000,,,
er쐅n,ؗt,8909080008,Bn,er͐쎖,,,0.400,32.9298542900,130.5768376000,,,
er쐅n,ؗt,8909080008,Bn,er͐쎖,,E,0.400,32.9301515600,130.5767327000,,,
er쐅n,ؗt,8909080008,Bn,er͐쎖,,,0.600,32.9301939900,130.5788529000,,,
er쐅n,ؗt,8909080008,Bn,er͐쎖,,E,0.600,32.9305710600,130.5789122000,,,
er쐅n,ؗt,8909080008,Bn,er͐쎖,,,0.800,32.9301578500,130.5810393000,,,
er쐅n,ؗt,8909080008,Bn,er͐쎖,,E,0.800,32.9305183600,130.5810087000,,,
er쐅n,ؗt,8909080008,Bn,er͐쎖,,,1.000,32.9303655800,130.5831988000,,,
er쐅n,ؗt,8909080008,Bn,er͐쎖,,E,1.000,32.9306986800,130.5830590000,,,
er쐅n,ؗt,8909080008,Bn,er͐쎖,,,1.200,32.9303403500,130.5851112000,,,
er쐅n,ؗt,8909080008,Bn,er͐쎖,,E,1.200,32.9305862800,130.5851719000,,,
er쐅n,ؗt,8909080008,Bn,er͐쎖,,,1.400,32.9301161100,130.5873282000,,,
er쐅n,ؗt,8909080008,Bn,er͐쎖,,E,1.400,32.9304033800,130.5872883000,,,
er쐅n,ؗt,8909080008,Bn,er͐쎖,,,1.600,32.9302536500,130.5894100000,,,
er쐅n,ؗt,8909080008,Bn,er͐쎖,,E,1.600,32.9305576500,130.5894388000,,,
er쐅n,ؗt,8909080008,Bn,er͐쎖,,,1.800,32.9299360200,130.5913930000,,,
er쐅n,ؗt,8909080008,Bn,er͐쎖,,E,1.800,32.9301746800,130.5915423000,,,
